"Obs","CTB_ITEM_ID","a_param","b_param","c_param","CTB_OBJECTIVE_ID","new_ctb_obj_id","CTB_PASSAGE_ID","NEW_CTB_PASSAGE_ID","ITEM_ORDER","Enemy","CTB_OBJECTIVE_TITLE","CTB_LEVEL_ID","CTB_ANSWER_KEY"
"1",00306042,0.00511,518.373,0.2000,2478,2478,517,538,3,517,"Usage","A",1
"2",00304718,0.00534,513.501,0.2000,2478,2478,504,554,3,504,"Usage","E",3
"3",00305248,0.00613,516.823,0.2000,2478,2478,0,0,0,0,"Usage","D",4
"4",00305706,0.00712,573.486,0.2000,2478,2478,0,0,0,0,"Usage","A",4
"5",00305276,0.00737,533.990,0.2000,2478,2478,0,0,0,0,"Usage","A",4
"6",00305376,0.00761,501.686,0.2000,2478,2478,512,543,3,512,"Usage","D",1
"7",00305502,0.00765,491.452,0.2033,2478,2478,0,0,0,0,"Usage","D",4
"8",00305030,0.00822,421.338,0.2000,2478,2478,0,0,0,0,"Usage","M",2
"9",00305246,0.00839,519.731,0.2000,2478,2478,0,0,0,0,"Usage","A",4
"10",00304868,0.00840,504.801,0.2000,2478,2478,0,0,0,0,"Usage","M",3
"11",00305244,0.00850,531.444,0.2000,2478,2478,0,0,0,0,"Usage","A",3
"12",00305022,0.00861,467.278,0.2000,2478,2478,0,0,0,0,"Usage","M",2
"13",00305468,0.00901,419.644,0.2000,2478,2478,0,0,0,0,"Usage","D",2
"14",00304804,0.00929,437.946,0.2000,2478,2478,0,0,0,0,"Usage","M",1
"15",00305242,0.00982,463.913,0.2000,2478,2478,0,0,0,0,"Usage","D",4
"16",00304806,0.00989,423.822,0.2000,2478,2478,0,0,0,0,"Usage","M",1
"17",00305586,0.00994,471.106,0.2000,2478,2478,008,011,3,008,"Usage","D",1
"18",00304602,0.01000,305.717,0.2000,2478,2478,0,0,0,0,"Usage","E",2
"19",00305708,0.01000,556.200,0.2000,2478,2478,0,0,0,0,"Usage","A",4
"20",00306080,0.01004,619.408,0.2647,2478,2478,004,008,4,004,"Usage","A",1
"21",00306064,0.01017,541.298,0.2000,2478,2478,004,007,1,004,"Usage","A",3
"22",00304810,0.01056,437.815,0.2000,2478,2478,0,0,0,0,"Usage","M",4
"23",00305042,0.01059,597.826,0.2003,2478,2478,0,0,0,0,"Usage","M",4
"24",00305404,0.01074,510.110,0.2000,2478,2478,514,547,1,514,"Usage","D",1
"25",1433794,0.01074,510.110,0.2000,2478,2478,514,548,2,514,"Usage","D",1
"26",00305206,0.01095,481.165,0.1850,2478,2478,014,031,2,014,"Usage","M",1
"27",1433791,0.01095,481.165,0.1850,2478,2478,014,032,2,014,"Usage","M",1
"28",00304864,0.01099,546.195,0.2332,2478,2478,0,0,0,0,"Usage","M",4
"29",00305034,0.01149,435.107,0.2000,2478,2478,0,0,0,0,"Usage","M",1
"30",00304816,0.01165,509.196,0.2237,2478,2478,0,0,0,0,"Usage","M",3
"31",00305906,0.01167,444.851,0.2000,2478,2478,0,0,0,0,"Usage","A",1
"32",00304818,0.01177,419.988,0.2008,2478,2478,0,0,0,0,"Usage","M",2
"33",00305462,0.01198,438.131,0.2000,2478,2478,0,0,0,0,"Usage","D",2
"34",00305070,0.01204,463.725,0.2000,2478,2478,0,0,0,0,"Usage","M",1
"35",00305700,0.01243,473.685,0.2000,2478,2478,0,0,0,0,"Usage","A",4
"36",00306044,0.01254,490.769,0.2000,2478,2478,517,537,3,517,"Usage","A",3
"37",00305696,0.01270,526.928,0.2163,2478,2478,0,0,0,0,"Usage","A",2
"38",00305182,0.01276,470.263,0.1846,2478,2478,506,557,2,506,"Usage","M",4
"39",00304840,0.01292,459.742,0.1863,2478,2478,0,0,0,0,"Usage","M",4
"40",00305282,0.01295,471.554,0.2000,2478,2478,0,0,0,0,"Usage","D",4
"41",00305690,0.01313,492.261,0.2000,2478,2478,0,0,0,0,"Usage","A",4
"42",00305492,0.01315,579.851,0.2482,2478,2478,0,0,0,0,"Usage","D",4
"43",00304950,0.01321,515.971,0.2116,2478,2478,508,563,2,508,"Usage","M",3
"44",00305270,0.01345,542.460,0.2423,2478,2478,0,0,0,0,"Usage","D",2
"45",00304364,0.01355,490.747,0.2053,2478,2478,0,0,0,0,"Usage","E",3
"46",00306088,0.01357,522.054,0.2187,2478,2478,516,536,2,516,"Usage","A",2
"47",00306072,0.01367,624.383,0.3102,2478,2478,004,008,2,004,"Usage","A",1
"48",00304702,0.01368,466.248,0.1901,2478,2478,017,022,3,017,"Usage","E",4
"49",00305020,0.01372,389.647,0.2000,2478,2478,0,0,0,0,"Usage","M",3
"50",00304592,0.01390,446.490,0.1908,2478,2478,0,0,0,0,"Usage","E",4
"51",00304994,0.01404,523.592,0.2094,2478,2478,509,564,3,509,"Usage","M",1
"52",1433800,0.01404,523.592,0.2094,2478,2478,509,565,3,509,"Usage","M",1
"53",00305264,0.01411,564.770,0.2579,2478,2478,0,0,0,0,"Usage","D",3
"54",00305258,0.01414,516.054,0.2264,2478,2478,0,0,0,0,"Usage","D",3
"55",00304424,0.01419,425.356,0.2023,2478,2478,0,0,0,0,"Usage","E",3
"56",00305408,0.01423,476.956,0.1906,2478,2478,514,547,3,514,"Usage","D",3
"57",00305488,0.01430,551.662,0.2401,2478,2478,0,0,0,0,"Usage","D",1
"58",00305442,0.01439,581.567,0.2133,2478,2478,009,014,2,009,"Usage","D",4
"59",1433785,0.01439,581.567,0.2133,2478,2478,009,015,3,009,"Usage","D",4
"60",00304820,0.01452,514.809,0.2007,2478,2478,0,0,0,0,"Usage","M",4
"61",00305216,0.01465,522.494,0.2342,2478,2478,507,560,1,507,"Usage","M",3
"62",00305918,0.01466,621.103,0.2876,2478,2478,0,0,0,0,"Usage","A",3
"63",00305460,0.01524,456.624,0.2000,2478,2478,0,0,0,0,"Usage","D",1
"64",00304598,0.01542,423.914,0.1981,2478,2478,0,0,0,0,"Usage","E",2
"65",00305412,0.01557,463.571,0.2000,2478,2478,513,545,2,513,"Usage","D",3
"66",00306084,0.01577,494.420,0.2060,2478,2478,516,535,1,516,"Usage","A",3
"67",00305606,0.01592,454.805,0.1915,2478,2478,511,541,1,511,"Usage","D",2
"68",00305466,0.01598,388.316,0.2000,2478,2478,0,0,0,0,"Usage","D",4
"69",00305420,0.01627,567.490,0.2411,2478,2478,513,546,3,513,"Usage","D",4
"70",00306052,0.01642,484.308,0.2045,2478,2478,515,533,1,515,"Usage","A",1
"71",00305582,0.01648,491.476,0.1794,2478,2478,008,012,2,008,"Usage","D",4
"72",1433784,0.01648,491.476,0.1794,2478,2478,008,013,3,008,"Usage","D",4
"73",00304964,0.01657,443.469,0.2000,2478,2478,011,026,1,011,"Usage","M",3
"74",00304370,0.01663,432.047,0.1941,2478,2478,0,0,0,0,"Usage","E",3
"75",00306098,0.01668,526.295,0.2711,2478,2478,002,004,1,002,"Usage","A",2
"76",00306054,0.01671,486.151,0.2025,2478,2478,515,533,2,515,"Usage","A",4
"77",1433792,0.01671,486.151,0.2025,2478,2478,515,534,1,515,"Usage","A",4
"78",00306086,0.01682,481.441,0.2000,2478,2478,516,535,2,516,"Usage","A",1
"79",00304936,0.01698,455.895,0.1754,2478,2478,013,029,3,013,"Usage","M",3
"80",00305472,0.01698,533.604,0.2953,2478,2478,0,0,0,0,"Usage","D",4
"81",00305912,0.01713,528.062,0.2745,2478,2478,0,0,0,0,"Usage","A",1
"82",00305048,0.01715,483.574,0.2413,2478,2478,0,0,0,0,"Usage","M",2
"83",00304952,0.01732,468.847,0.1859,2478,2478,508,561,2,508,"Usage","M",1
"84",1433798,0.01732,468.847,0.1859,2478,2478,508,562,3,508,"Usage","M",1
"85",00304756,0.01777,462.212,0.1901,2478,2478,018,024,1,018,"Usage","E",1
"86",00305676,0.01792,544.321,0.3016,2478,2478,0,0,0,0,"Usage","A",4
"87",00304594,0.01802,411.844,0.2000,2478,2478,0,0,0,0,"Usage","E",2
"88",00304374,0.01810,418.372,0.1989,2478,2478,0,0,0,0,"Usage","E",3
"89",00305474,0.01832,520.077,0.2862,2478,2478,0,0,0,0,"Usage","D",3
"90",00304368,0.01838,421.409,0.2000,2478,2478,0,0,0,0,"Usage","E",4
"91",00304524,0.01841,420.079,0.2000,2478,2478,502,549,1,502,"Usage","E",3
"92",00305930,0.01863,594.987,0.2271,2478,2478,0,0,0,0,"Usage","A",4
"93",00306046,0.01869,469.016,0.2072,2478,2478,517,537,4,517,"Usage","A",4
"94",00304984,0.01879,455.041,0.2000,2478,2478,509,564,1,509,"Usage","M",3
"95",00305188,0.01880,454.226,0.1993,2478,2478,012,027,2,012,"Usage","M",3
"96",00305512,0.01881,519.524,0.2998,2478,2478,0,0,0,0,"Usage","D",3
"97",00304752,0.01888,492.748,0.2043,2478,2478,503,552,2,503,"Usage","E",3
"98",00305438,0.01909,592.273,0.2466,2478,2478,009,015,2,009,"Usage","D",1
"99",00304526,0.01921,418.206,0.2000,2478,2478,502,549,2,502,"Usage","E",2
"100",00304388,0.01951,514.360,0.2440,2478,2478,0,0,0,0,"Usage","E",3
"101",00306066,0.01953,502.009,0.2382,2478,2478,004,007,2,004,"Usage","A",3
"102",00304832,0.01957,516.210,0.2794,2478,2478,0,0,0,0,"Usage","M",4
"103",00304606,0.01968,475.890,0.2207,2478,2478,0,0,0,0,"Usage","E",4
"104",00304398,0.01990,414.789,0.2000,2478,2478,0,0,0,0,"Usage","E",1
"105",00305824,0.02014,491.946,0.1975,2478,2478,518,539,1,518,"Usage","A",4
"106",00305186,0.02016,469.262,0.1877,2478,2478,012,027,1,012,"Usage","M",1
"107",00305470,0.02018,514.824,0.2374,2478,2478,0,0,0,0,"Usage","D",2
"108",00306100,0.02046,478.369,0.2073,2478,2478,002,003,3,002,"Usage","A",3
"109",00304516,0.02055,466.976,0.2395,2478,2478,015,018,1,015,"Usage","E",1
"110",00305046,0.02077,569.402,0.2078,2478,2478,0,0,0,0,"Usage","M",2
"111",00305864,0.02104,482.919,0.2157,2478,2478,003,005,2,003,"Usage","A",1
"112",00304416,0.02131,419.544,0.2000,2478,2478,0,0,0,0,"Usage","E",4
"113",00304932,0.02296,433.521,0.1797,2478,2478,013,029,2,013,"Usage","M",4
"114",00305834,0.02314,475.357,0.2132,2478,2478,518,539,2,518,"Usage","A",1
"115",00305584,0.02334,462.514,0.1820,2478,2478,008,011,2,008,"Usage","D",3
"116",00305644,0.02351,540.407,0.2045,2478,2478,010,017,3,010,"Usage","D",1
"117",00304588,0.02374,455.413,0.1791,2478,2478,0,0,0,0,"Usage","E",4
"118",00305274,0.02374,538.368,0.2709,2478,2478,0,0,0,0,"Usage","D",2
"119",00305222,0.02415,542.144,0.2170,2478,2478,507,560,2,507,"Usage","M",2
"120",00305212,0.02513,451.890,0.2620,2478,2478,014,031,3,014,"Usage","M",1
"121",00305814,0.02693,474.183,0.2076,2478,2478,001,001,3,001,"Usage","A",1
"122",00304508,0.02714,436.435,0.2057,2478,2478,505,555,2,505,"Usage","E",2
"123",00305386,0.02902,465.675,0.2301,2478,2478,007,009,3,007,"Usage","D",4
"124",00305262,0.02902,562.090,0.2149,2478,2478,0,0,0,0,"Usage","D",1
"125",00304716,0.03008,514.601,0.2724,2478,2478,504,554,2,504,"Usage","E",3
"126",00304420,0.03221,475.460,0.2589,2478,2478,0,0,0,0,"Usage","E",2
"127",00304382,0.03221,540.208,0.2336,2478,2478,0,0,0,0,"Usage","E",4
"128",00304432,0.00640,527.142,0.2000,2479,2479,0,0,0,0,"Sentence Formation","E",2
"129",00305950,0.00796,541.551,0.2000,2479,2479,0,0,0,0,"Sentence Formation","A",2
"130",00305530,0.00808,508.359,0.2000,2479,2479,0,0,0,0,"Sentence Formation","D",3
"131",00305410,0.00809,546.104,0.1918,2479,2479,513,545,1,513,"Sentence Formation","D",4
"132",00305072,0.00849,531.250,0.2000,2479,2479,0,0,0,0,"Sentence Formation","M",2
"133",00304380,0.00896,511.097,0.2039,2479,2479,0,0,0,0,"Sentence Formation","E",1
"134",00305528,0.00920,510.253,0.2000,2479,2479,0,0,0,0,"Sentence Formation","A",2
"135",00305092,0.00957,425.562,0.2000,2479,2479,0,0,0,0,"Sentence Formation","M",4
"136",00305104,0.00984,439.513,0.2000,2479,2479,0,0,0,0,"Sentence Formation","M",3
"137",00305268,0.00996,514.899,0.2000,2479,2479,0,0,0,0,"Sentence Formation","A",1
"138",00304652,0.01060,588.545,0.2021,2479,2479,0,0,0,0,"Sentence Formation","E",4
"139",00305948,0.01071,597.780,0.2000,2479,2479,0,0,0,0,"Sentence Formation","A",4
"140",00305434,0.01132,517.753,0.1807,2479,2479,009,014,1,009,"Sentence Formation","D",3
"141",00304732,0.01138,576.133,0.2234,2479,2479,016,0,0,016,"Sentence Formation","E",3
"142",00304888,0.01208,469.450,0.1861,2479,2479,0,0,0,0,"Sentence Formation","M",4
"143",00304892,0.01262,438.212,0.1987,2479,2479,0,0,0,0,"Sentence Formation","M",2
"144",00304948,0.01265,487.074,0.1875,2479,2479,508,562,2,508,"Sentence Formation","M",1
"145",00304880,0.01278,486.841,0.1818,2479,2479,0,0,0,0,"Sentence Formation","M",1
"146",00305294,0.01282,409.317,0.2000,2479,2479,0,0,0,0,"Sentence Formation","D",2
"147",00304638,0.01288,454.887,0.2000,2479,2479,0,0,0,0,"Sentence Formation","E",3
"148",00305406,0.01315,503.560,0.1792,2479,2479,514,547,2,514,"Sentence Formation","D",4
"149",00306062,0.01323,512.462,0.2000,2479,2479,515,534,3,515,"Sentence Formation","A",3
"150",00305292,0.01344,471.560,0.2000,2479,2479,0,0,0,0,"Sentence Formation","D",2
"151",00304750,0.01350,448.581,0.2000,2479,2479,503,551,2,503,"Sentence Formation","E",2
"152",00305954,0.01369,475.848,0.2000,2479,2479,0,0,0,0,"Sentence Formation","A",1
"153",00305090,0.01390,445.769,0.2000,2479,2479,0,0,0,0,"Sentence Formation","M",4
"154",00304878,0.01422,494.160,0.1978,2479,2479,0,0,0,0,"Sentence Formation","M",1
"155",00305534,0.01479,454.565,0.2000,2479,2479,0,0,0,0,"Sentence Formation","D",4
"156",00305388,0.01491,513.876,0.1903,2479,2479,007,010,3,007,"Sentence Formation","D",1
"157",00304884,0.01525,427.327,0.1855,2479,2479,0,0,0,0,"Sentence Formation","M",4
"158",00304870,0.01542,540.794,0.2638,2479,2479,0,0,0,0,"Sentence Formation","M",3
"159",00304992,0.01557,579.746,0.2137,2479,2479,509,565,2,509,"Sentence Formation","M",3
"160",00304758,0.01559,475.880,0.1808,2479,2479,018,024,2,018,"Sentence Formation","E",4
"161",00304438,0.01583,443.825,0.2000,2479,2479,0,0,0,0,"Sentence Formation","E",2
"162",00305532,0.01602,448.336,0.2000,2479,2479,0,0,0,0,"Sentence Formation","D",1
"163",00304632,0.01606,470.139,0.2052,2479,2479,0,0,0,0,"Sentence Formation","E",4
"164",00305746,0.01614,499.338,0.2000,2479,2479,0,0,0,0,"Sentence Formation","A",4
"165",00304642,0.01642,485.526,0.1885,2479,2479,0,0,0,0,"Sentence Formation","E",1
"166",00305740,0.01658,481.195,0.2186,2479,2479,0,0,0,0,"Sentence Formation","A",3
"167",00305298,0.01698,468.363,0.2000,2479,2479,0,0,0,0,"Sentence Formation","A",4
"168",00305100,0.01728,427.030,0.1865,2479,2479,0,0,0,0,"Sentence Formation","M",1
"169",00304658,0.01738,425.039,0.1913,2479,2479,0,0,0,0,"Sentence Formation","E",1
"170",00305066,0.01767,571.705,0.2679,2479,2479,0,0,0,0,"Sentence Formation","M",2
"171",00305418,0.01803,472.807,0.1766,2479,2479,513,546,2,513,"Sentence Formation","D",2
"172",00305830,0.01817,543.234,0.2177,2479,2479,518,540,2,518,"Sentence Formation","A",2
"173",00306104,0.01838,544.462,0.2167,2479,2479,002,004,3,002,"Sentence Formation","A",1
"174",00305526,0.01840,434.267,0.1925,2479,2479,0,0,0,0,"Sentence Formation","D",1
"175",00305860,0.01854,505.143,0.2554,2479,2479,003,006,1,003,"Sentence Formation","A",2
"176",00305734,0.01858,487.155,0.2331,2479,2479,0,0,0,0,"Sentence Formation","A",2
"177",00305952,0.01942,446.749,0.2000,2479,2479,0,0,0,0,"Sentence Formation","A",4
"178",00305934,0.01987,546.688,0.2744,2479,2479,0,0,0,0,"Sentence Formation","A",3
"179",00304660,0.02001,442.668,0.1954,2479,2479,0,0,0,0,"Sentence Formation","E",3
"180",00304426,0.02014,407.978,0.2000,2479,2479,0,0,0,0,"Sentence Formation","E",3
"181",00305610,0.02034,540.065,0.1766,2479,2479,511,542,2,511,"Sentence Formation","D",4
"182",00305192,0.02055,524.966,0.2820,2479,2479,012,028,2,012,"Sentence Formation","M",2
"183",00306094,0.02056,527.112,0.2601,2479,2479,002,003,1,002,"Sentence Formation","A",2
"184",00305522,0.02095,446.917,0.1845,2479,2479,0,0,0,0,"Sentence Formation","A",4
"185",00305962,0.02174,468.368,0.2029,2479,2479,0,0,0,0,"Sentence Formation","A",2
"186",00305290,0.02265,432.887,0.2000,2479,2479,0,0,0,0,"Sentence Formation","D",1
"187",00304430,0.02277,410.512,0.1890,2479,2479,0,0,0,0,"Sentence Formation","E",4
"188",00304762,0.02320,476.720,0.2817,2479,2479,018,024,3,018,"Sentence Formation","E",3
"189",1433789,0.02320,476.720,0.2817,2479,2479,018,025,2,018,"Sentence Formation","E",3
"190",00304982,0.02330,544.410,0.2747,2479,2479,509,565,1,509,"Sentence Formation","M",2
"191",00306074,0.02363,524.370,0.2217,2479,2479,004,007,4,004,"Sentence Formation","A",1
"192",1433782,0.02363,524.370,0.2217,2479,2479,004,008,3,004,"Sentence Formation","A",1
"193",00305202,0.02408,576.212,0.2331,2479,2479,014,032,1,014,"Sentence Formation","M",2
"194",00305958,0.02413,464.860,0.2277,2479,2479,0,0,0,0,"Sentence Formation","A",3
"195",00305520,0.02420,436.554,0.2000,2479,2479,0,0,0,0,"Sentence Formation","A",1
"196",00304648,0.02555,436.711,0.1847,2479,2479,0,0,0,0,"Sentence Formation","E",1
"197",00305858,0.02564,495.956,0.1798,2479,2479,003,005,1,003,"Sentence Formation","A",4
"198",00305744,0.02594,444.516,0.2000,2479,2479,0,0,0,0,"Sentence Formation","A",1
"199",00305732,0.02612,445.323,0.2074,2479,2479,0,0,0,0,"Sentence Formation","A",4
"200",00304656,0.02710,465.216,0.1874,2479,2479,0,0,0,0,"Sentence Formation","E",2
"201",00304532,0.03221,494.711,0.2491,2479,2479,502,550,2,502,"Sentence Formation","E",2
"202",00305564,0.00729,512.690,0.2000,2480,2479,0,0,0,0,"Paragraph Development","D",3
"203",00305768,0.00846,600.268,0.2218,2480,2479,0,0,0,0,"Paragraph Development","A",2
"204",00305310,0.00917,550.394,0.1855,2480,2479,0,0,0,0,"Paragraph Development","D",4
"205",00305544,0.00921,499.994,0.1955,2480,2479,0,0,0,0,"Paragraph Development","D",1
"206",00305752,0.00931,501.165,0.2000,2480,2479,0,0,0,0,"Paragraph Development","A",3
"207",00305778,0.00973,576.194,0.2000,2480,2479,0,0,0,0,"Paragraph Development","A",3
"208",00304448,0.00978,421.559,0.2000,2480,2479,0,0,0,0,"Paragraph Development","E",2
"209",00305340,0.01001,542.059,0.2085,2480,2479,0,0,0,0,"Paragraph Development","D",2
"210",00304906,0.01003,476.412,0.1878,2480,2479,0,0,0,0,"Paragraph Development","M",1
"211",00305772,0.01008,535.512,0.2130,2480,2479,0,0,0,0,"Paragraph Development","A",3
"212",00305758,0.01051,510.562,0.2000,2480,2479,0,0,0,0,"Paragraph Development","A",1
"213",00304914,0.01066,516.220,0.2000,2480,2479,0,0,0,0,"Paragraph Development","M",4
"214",00305324,0.01109,504.407,0.1880,2480,2479,0,0,0,0,"Paragraph Development","D",4
"215",00305562,0.01116,509.199,0.1899,2480,2479,0,0,0,0,"Paragraph Development","D",1
"216",00305764,0.01134,537.638,0.2000,2480,2479,0,0,0,0,"Paragraph Development","A",4
"217",00305330,0.01156,499.568,0.2000,2480,2479,0,0,0,0,"Paragraph Development","D",4
"218",00304898,0.01160,460.401,0.2000,2480,2479,0,0,0,0,"Paragraph Development","M",4
"219",00305966,0.01188,579.982,0.2267,2480,2479,0,0,0,0,"Paragraph Development","A",2
"220",00305986,0.01227,527.160,0.2000,2480,2479,0,0,0,0,"Paragraph Development","A",4
"221",00305124,0.01227,607.354,0.2369,2480,2479,0,0,0,0,"Paragraph Development","M",4
"222",00304460,0.01245,484.108,0.1968,2480,2479,0,0,0,0,"Paragraph Development","E",1
"223",00305314,0.01254,465.687,0.2000,2480,2479,0,0,0,0,"Paragraph Development","D",1
"224",00305774,0.01282,554.891,0.1890,2480,2479,0,0,0,0,"Paragraph Development","A",1
"225",00304668,0.01303,476.281,0.1855,2480,2479,0,0,0,0,"Paragraph Development","E",1
"226",00304894,0.01306,503.412,0.2140,2480,2479,0,0,0,0,"Paragraph Development","M",3
"227",00305762,0.01361,509.767,0.2000,2480,2479,0,0,0,0,"Paragraph Development","A",1
"228",00305558,0.01400,559.242,0.2182,2480,2479,0,0,0,0,"Paragraph Development","D",2
"229",00305316,0.01410,561.864,0.1890,2480,2479,0,0,0,0,"Paragraph Development","D",4
"230",00305116,0.01419,537.562,0.2187,2480,2479,0,0,0,0,"Paragraph Development","M",4
"231",00305120,0.01422,441.589,0.2000,2480,2479,0,0,0,0,"Paragraph Development","M",4
"232",00305338,0.01433,483.672,0.1813,2480,2479,0,0,0,0,"Paragraph Development","D",2
"233",00305546,0.01441,514.037,0.2372,2480,2479,0,0,0,0,"Paragraph Development","D",2
"234",00305550,0.01460,498.943,0.2365,2480,2479,0,0,0,0,"Paragraph Development","A",2
"235",00304690,0.01485,475.027,0.1809,2480,2479,0,0,0,0,"Paragraph Development","E",4
"236",00304904,0.01488,466.388,0.1805,2480,2479,0,0,0,0,"Paragraph Development","M",4
"237",00305326,0.01521,547.223,0.2514,2480,2479,0,0,0,0,"Paragraph Development","D",3
"238",00306002,0.01558,474.557,0.2000,2480,2479,0,0,0,0,"Paragraph Development","A",3
"239",00304908,0.01564,516.498,0.2221,2480,2479,0,0,0,0,"Paragraph Development","M",2
"240",00304900,0.01566,488.461,0.2141,2480,2479,0,0,0,0,"Paragraph Development","M",3
"241",00305312,0.01617,516.543,0.2273,2480,2479,0,0,0,0,"Paragraph Development","D",3
"242",00305556,0.01624,465.880,0.2000,2480,2479,0,0,0,0,"Paragraph Development","D",1
"243",00305128,0.01636,460.568,0.1829,2480,2479,0,0,0,0,"Paragraph Development","M",1
"244",00305110,0.01642,472.576,0.2144,2480,2479,0,0,0,0,"Paragraph Development","M",3
"245",00304452,0.01738,467.531,0.2046,2480,2479,0,0,0,0,"Paragraph Development","E",3
"246",00305570,0.01773,466.228,0.2150,2480,2479,0,0,0,0,"Paragraph Development","D",3
"247",00304920,0.01808,562.784,0.2846,2480,2479,0,0,0,0,"Paragraph Development","M",3
"248",00305540,0.01830,520.902,0.2292,2480,2479,0,0,0,0,"Paragraph Development","D",4
"249",00304684,0.01836,440.611,0.1924,2480,2479,0,0,0,0,"Paragraph Development","E",1
"250",00305332,0.01866,612.115,0.1930,2480,2479,0,0,0,0,"Paragraph Development","D",2
"251",00304674,0.01867,503.795,0.2007,2480,2479,0,0,0,0,"Paragraph Development","E",2
"252",00305112,0.01892,544.603,0.2707,2480,2479,0,0,0,0,"Paragraph Development","M",3
"253",00305304,0.01931,539.310,0.2414,2480,2479,0,0,0,0,"Paragraph Development","D",2
"254",00304662,0.01981,447.750,0.1808,2480,2479,0,0,0,0,"Paragraph Development","E",1
"255",00304450,0.02003,426.759,0.2000,2480,2479,0,0,0,0,"Paragraph Development","E",1
"256",00305136,0.02027,455.355,0.1841,2480,2479,0,0,0,0,"Paragraph Development","M",3
"257",00305134,0.02061,460.614,0.2030,2480,2479,0,0,0,0,"Paragraph Development","M",2
"258",00304670,0.02066,507.017,0.1929,2480,2479,0,0,0,0,"Paragraph Development","E",3
"259",00304916,0.02116,467.136,0.2225,2480,2479,0,0,0,0,"Paragraph Development","M",2
"260",00305974,0.02162,479.422,0.2168,2480,2479,0,0,0,0,"Paragraph Development","A",3
"261",00305996,0.02177,602.749,0.2977,2480,2479,0,0,0,0,"Paragraph Development","A",2
"262",00305566,0.02290,497.987,0.2306,2480,2479,0,0,0,0,"Paragraph Development","D",2
"263",00305542,0.02295,545.433,0.2273,2480,2479,0,0,0,0,"Paragraph Development","D",2
"264",00305548,0.02307,602.334,0.1949,2480,2479,0,0,0,0,"Paragraph Development","A",2
"265",00305984,0.02319,486.845,0.1940,2480,2479,0,0,0,0,"Paragraph Development","A",1
"266",00305782,0.02361,475.582,0.1655,2480,2479,0,0,0,0,"Paragraph Development","A",4
"267",00305336,0.02457,477.160,0.2129,2480,2479,0,0,0,0,"Paragraph Development","D",4
"268",00304466,0.02554,467.291,0.1917,2480,2479,0,0,0,0,"Paragraph Development","E",2
"269",00304456,0.02640,473.658,0.2267,2480,2479,0,0,0,0,"Paragraph Development","E",2
"270",00306004,0.02754,506.365,0.2199,2480,2479,0,0,0,0,"Paragraph Development","A",4
"271",00305552,0.02754,635.633,0.1879,2480,2479,0,0,0,0,"Paragraph Development","A",1
"272",00304458,0.02759,550.070,0.2300,2480,2479,0,0,0,0,"Paragraph Development","E",3
"273",00304462,0.02928,421.430,0.1849,2480,2479,0,0,0,0,"Paragraph Development","E",4
"274",00304444,0.03141,462.273,0.2081,2480,2479,0,0,0,0,"Paragraph Development","E",4
"275",00304468,0.03221,432.486,0.2088,2480,2479,0,0,0,0,"Paragraph Development","E",3
"276",00305720,0.00815,538.295,0.2000,2481,2481,0,0,0,0,"Capitalization","A",1
"277",00305940,0.00819,620.798,0.2180,2481,2481,0,0,0,0,"Capitalization","A",3
"278",00305184,0.00897,514.339,0.2000,2481,2481,506,558,2,506,"Capitalization","M",3
"279",00305516,0.01080,538.732,0.2136,2481,2481,0,0,0,0,"Capitalization","D",3
"280",00304728,0.01110,441.558,0.2000,2481,2481,016,020,1,016,"Capitalization","E",2
"281",00304830,0.01143,464.855,0.1874,2481,2481,0,0,0,0,"Capitalization","M",4
"282",00305266,0.01181,515.913,0.2000,2481,2481,0,0,0,0,"Capitalization","A",1
"283",00305218,0.01229,475.162,0.2000,2481,2481,507,559,1,507,"Capitalization","M",2
"284",00305932,0.01263,511.623,0.2362,2481,2481,0,0,0,0,"Capitalization","A",3
"285",00305370,0.01285,545.958,0.2073,2481,2481,512,544,2,512,"Capitalization","D",1
"286",00304760,0.01295,523.160,0.2088,2481,2481,018,025,1,018,"Capitalization","E",3
"287",00305872,0.01416,509.853,0.2000,2481,2481,003,005,3,003,"Capitalization","A",2
"288",00305284,0.01480,486.043,0.2177,2481,2481,0,0,0,0,"Capitalization","D",4
"289",00305640,0.01491,476.661,0.2189,2481,2481,010,016,2,010,"Capitalization","D",1
"290",00304394,0.01501,454.265,0.1961,2481,2481,0,0,0,0,"Capitalization","E",4
"291",00305272,0.01505,538.912,0.2482,2481,2481,0,0,0,0,"Capitalization","D",2
"292",00304968,0.01513,441.653,0.1854,2481,2481,011,026,2,011,"Capitalization","M",3
"293",00305444,0.01513,526.358,0.2257,2481,2481,009,014,3,009,"Capitalization","D",2
"294",00305486,0.01531,533.535,0.2665,2481,2481,0,0,0,0,"Capitalization","D",2
"295",00304522,0.01532,482.056,0.2000,2481,2481,015,019,2,015,"Capitalization","E",4
"296",00304836,0.01540,491.993,0.2066,2481,2481,0,0,0,0,"Capitalization","M",2
"297",00304622,0.01541,492.311,0.1981,2481,2481,0,0,0,0,"Capitalization","E",1
"298",00305180,0.01549,514.869,0.1931,2481,2481,506,558,1,506,"Capitalization","M",2
"299",00304746,0.01598,445.252,0.2000,2481,2481,503,551,1,503,"Capitalization","E",1
"300",00305178,0.01685,442.817,0.2000,2481,2481,506,557,1,506,"Capitalization","M",3
"301",00305054,0.01708,554.439,0.2907,2481,2481,0,0,0,0,"Capitalization","M",2
"302",00305086,0.01742,581.782,0.2458,2481,2481,0,0,0,0,"Capitalization","M",3
"303",00304640,0.01746,504.972,0.1605,2481,2481,0,0,0,0,"Capitalization","E",3
"304",00305382,0.01761,519.986,0.2175,2481,2481,007,010,1,007,"Capitalization","D",2
"305",00304404,0.01779,489.405,0.2192,2481,2481,0,0,0,0,"Capitalization","E",2
"306",00304386,0.01800,500.216,0.1988,2481,2481,0,0,0,0,"Capitalization","E",3
"307",00305716,0.01889,565.251,0.3152,2481,2481,0,0,0,0,"Capitalization","A",1
"308",00305084,0.01900,548.267,0.3070,2481,2481,0,0,0,0,"Capitalization","M",2
"309",00305476,0.01961,518.274,0.2115,2481,2481,0,0,0,0,"Capitalization","D",3
"310",00304956,0.01982,457.472,0.1750,2481,2481,508,561,4,508,"Capitalization","M",4
"311",00304630,0.02007,527.949,0.2532,2481,2481,0,0,0,0,"Capitalization","E",2
"312",00305494,0.02022,593.955,0.2412,2481,2481,0,0,0,0,"Capitalization","A",4
"313",00304730,0.02101,435.785,0.2023,2481,2481,016,020,2,016,"Capitalization","E",2
"314",00306036,0.02185,454.823,0.2249,2481,2481,517,537,2,517,"Capitalization","A",3
"315",00304402,0.02189,506.487,0.2370,2481,2481,0,0,0,0,"Capitalization","E",3
"316",00304846,0.02226,524.548,0.1676,2481,2481,0,0,0,0,"Capitalization","M",1
"317",00306060,0.02233,449.978,0.2000,2481,2481,515,533,3,515,"Capitalization","A",1
"318",00304986,0.02349,438.845,0.2000,2481,2481,509,564,2,509,"Capitalization","M",1
"319",00304626,0.02352,497.032,0.1971,2481,2481,0,0,0,0,"Capitalization","E",1
"320",00304506,0.02477,465.346,0.2310,2481,2481,505,555,1,505,"Capitalization","E",1
"321",1433797,0.02477,465.346,0.2310,2481,2481,505,556,1,505,"Capitalization","E",1
"322",00304748,0.02586,455.955,0.2036,2481,2481,503,552,1,503,"Capitalization","E",3
"323",00304608,0.02737,487.990,0.2240,2481,2481,0,0,0,0,"Capitalization","E",2
"324",00304624,0.02991,447.957,0.2065,2481,2481,0,0,0,0,"Capitalization","E",2
"325",00304620,0.03221,484.922,0.2004,2481,2481,0,0,0,0,"Capitalization","E",2
"326",00304352,0.00513,355.707,0.2000,2482,2481,0,0,0,0,"Punctuation","E",3
"327",00305862,0.00642,604.411,0.2131,2482,2481,003,006,2,003,"Punctuation","A",3
"328",00304580,0.00772,536.505,0.2000,2482,2481,0,0,0,0,"Punctuation","E",1
"329",00304354,0.00826,512.723,0.2000,2482,2481,0,0,0,0,"Punctuation","E",1
"330",00305374,0.00876,526.743,0.2000,2482,2481,512,544,3,512,"Punctuation","D",2
"331",00306102,0.00948,525.626,0.2000,2482,2481,002,004,2,002,"Punctuation","A",3
"332",00305198,0.00952,473.394,0.1903,2482,2481,012,027,3,012,"Punctuation","M",1
"333",1433790,0.00952,473.394,0.1903,2482,2481,012,028,3,012,"Punctuation","M",1
"334",00305038,0.00990,483.525,0.1884,2482,2481,0,0,0,0,"Punctuation","M",2
"335",00305454,0.01014,449.291,0.2000,2482,2481,0,0,0,0,"Punctuation","D",4
"336",00305006,0.01056,385.312,0.2000,2482,2481,0,0,0,0,"Punctuation","M",1
"337",00305068,0.01074,476.194,0.2000,2482,2481,0,0,0,0,"Punctuation","M",2
"338",00305228,0.01109,529.216,0.2128,2482,2481,0,0,0,0,"Punctuation","D",3
"339",00305236,0.01136,435.822,0.2000,2482,2481,0,0,0,0,"Punctuation","D",4
"340",00305818,0.01167,571.522,0.2606,2482,2481,001,002,3,001,"Punctuation","A",2
"341",00306096,0.01209,498.438,0.2000,2482,2481,002,003,2,002,"Punctuation","A",1
"342",00305384,0.01233,493.143,0.1899,2482,2481,007,009,2,007,"Punctuation","D",3
"343",1433783,0.01233,493.143,0.1899,2482,2481,007,010,2,007,"Punctuation","D",3
"344",00305452,0.01247,415.178,0.2000,2482,2481,0,0,0,0,"Punctuation","D",3
"345",00304856,0.01261,468.996,0.1979,2482,2481,0,0,0,0,"Punctuation","M",4
"346",00305010,0.01280,429.248,0.2000,2482,2481,0,0,0,0,"Punctuation","M",3
"347",00304786,0.01343,578.073,0.2217,2482,2481,0,0,0,0,"Punctuation","M",3
"348",00304574,0.01402,419.494,0.2000,2482,2481,0,0,0,0,"Punctuation","E",4
"349",00305446,0.01419,437.876,0.2000,2482,2481,0,0,0,0,"Punctuation","D",2
"350",00305234,0.01421,550.692,0.2078,2482,2481,0,0,0,0,"Punctuation","D",2
"351",00304350,0.01434,453.263,0.1993,2482,2481,0,0,0,0,"Punctuation","E",4
"352",00304802,0.01438,562.700,0.1840,2482,2481,0,0,0,0,"Punctuation","M",3
"353",00305668,0.01444,495.390,0.2679,2482,2481,0,0,0,0,"Punctuation","A",2
"354",00305484,0.01490,555.446,0.2855,2482,2481,0,0,0,0,"Punctuation","A",2
"355",00304572,0.01510,398.898,0.2000,2482,2481,0,0,0,0,"Punctuation","E",2
"356",00304934,0.01510,489.008,0.1887,2482,2481,013,030,2,013,"Punctuation","M",1
"357",00304568,0.01586,381.502,0.2000,2482,2481,0,0,0,0,"Punctuation","E",1
"358",00306070,0.01626,496.083,0.2217,2482,2481,004,007,3,004,"Punctuation","A",3
"359",00305380,0.01632,464.005,0.1864,2482,2481,007,009,1,007,"Punctuation","D",2
"360",00305256,0.01639,558.640,0.2589,2482,2481,0,0,0,0,"Punctuation","D",2
"361",00305414,0.01640,506.306,0.2208,2482,2481,513,545,3,513,"Punctuation","D",1
"362",1433793,0.01640,506.306,0.2208,2482,2481,513,546,1,513,"Punctuation","D",1
"363",00304514,0.01667,435.292,0.2000,2482,2481,505,555,3,505,"Punctuation","E",2
"364",00304566,0.01701,428.453,0.2000,2482,2481,0,0,0,0,"Punctuation","E",3
"365",00306058,0.01710,505.993,0.2217,2482,2481,515,534,2,515,"Punctuation","A",2
"366",00304390,0.01750,451.203,0.1813,2482,2481,0,0,0,0,"Punctuation","E",1
"367",00306068,0.01769,531.526,0.1751,2482,2481,004,008,1,004,"Punctuation","A",4
"368",00305642,0.01821,522.096,0.2455,2482,2481,010,016,3,010,"Punctuation","D",3
"369",1433786,0.01821,522.096,0.2455,2482,2481,010,017,2,010,"Punctuation","D",3
"370",00305638,0.01829,599.620,0.2547,2482,2481,010,017,1,010,"Punctuation","D",1
"371",00305400,0.01917,571.038,0.2093,2482,2481,514,548,1,514,"Punctuation","D",2
"372",00305730,0.01921,547.052,0.2778,2482,2481,0,0,0,0,"Punctuation","A",2
"373",00305924,0.01925,563.230,0.3103,2482,2481,0,0,0,0,"Punctuation","A",3
"374",00305190,0.01927,505.731,0.2094,2482,2481,012,028,1,012,"Punctuation","M",4
"375",00305012,0.01928,581.860,0.1659,2482,2481,0,0,0,0,"Punctuation","M",2
"376",00305064,0.01951,573.575,0.1863,2482,2481,0,0,0,0,"Punctuation","M",1
"377",00305286,0.01961,577.247,0.2785,2482,2481,0,0,0,0,"Punctuation","D",1
"378",00304958,0.01974,497.918,0.1922,2482,2481,508,562,4,508,"Punctuation","M",3
"379",1433799,0.01974,497.918,0.1922,2482,2481,508,563,3,508,"Punctuation","M",3
"380",00305224,0.01989,481.711,0.2231,2482,2481,507,559,2,507,"Punctuation","M",3
"381",00304788,0.01997,609.917,0.2007,2482,2481,0,0,0,0,"Punctuation","M",1
"382",00304392,0.02022,491.991,0.1977,2482,2481,0,0,0,0,"Punctuation","E",4
"383",00304356,0.02065,408.813,0.2000,2482,2481,0,0,0,0,"Punctuation","E",2
"384",00304518,0.02067,473.153,0.2341,2482,2481,015,018,2,015,"Punctuation","E",2
"385",1433787,0.02067,473.153,0.2341,2482,2481,015,019,1,015,"Punctuation","E",2
"386",00305636,0.02098,513.547,0.2595,2482,2481,010,016,1,010,"Punctuation","D",3
"387",00305826,0.02130,554.863,0.2292,2482,2481,518,540,1,518,"Punctuation","A",3
"388",00304628,0.02276,431.647,0.1810,2482,2481,0,0,0,0,"Punctuation","E",4
"389",00305944,0.02277,576.109,0.3322,2482,2481,0,0,0,0,"Punctuation","A",1
"390",00304376,0.02309,468.994,0.2023,2482,2481,0,0,0,0,"Punctuation","E",1
"391",00305608,0.02471,614.837,0.1783,2482,2481,511,542,1,511,"Punctuation","D",1
"392",00305514,0.02650,611.997,0.2923,2482,2481,0,0,0,0,"Punctuation","D",3
"393",00304510,0.02660,523.866,0.2245,2482,2481,505,556,2,505,"Punctuation","E",3
"394",00306082,0.02754,596.560,0.2318,2482,2481,516,536,1,516,"Punctuation","A",1
"395",00304578,0.02802,480.358,0.2557,2482,2481,0,0,0,0,"Punctuation","E",3
"396",00305432,0.02902,589.475,0.3067,2482,2481,009,015,1,009,"Punctuation","D",1
"397",00305504,0.02902,592.422,0.2485,2482,2481,0,0,0,0,"Punctuation","D",4
"398",00304530,0.03221,491.200,0.2778,2482,2481,502,550,1,502,"Punctuation","E",4
"399",00304348,0.03221,518.155,0.1857,2482,2481,0,0,0,0,"Punctuation","E",2
"400",00304346,0.03221,555.653,0.2467,2482,2481,0,0,0,0,"Punctuation","E",2
"401",00305226,0.00608,404.536,0.2000,2483,2481,0,0,0,0,"Writing Conventions","D",3
"402",00305510,0.00678,576.586,0.1991,2483,2481,0,0,0,0,"Writing Conventions","D",3
"403",00304358,0.00785,511.122,0.2000,2483,2481,0,0,0,0,"Writing Conventions","E",3
"404",00304954,0.00805,471.464,0.2000,2483,2481,508,561,3,508,"Writing Conventions","M",2
"405",00304942,0.00824,501.905,0.2000,2483,2481,508,562,1,508,"Writing Conventions","M",1
"406",00305724,0.00868,613.583,0.2000,2483,2481,0,0,0,0,"Writing Conventions","A",4
"407",00305204,0.00900,438.414,0.2000,2483,2481,014,031,1,014,"Writing Conventions","M",3
"408",00305052,0.00916,586.786,0.1709,2483,2481,0,0,0,0,"Writing Conventions","M",1
"409",00305812,0.01005,500.640,0.2302,2483,2481,001,001,2,001,"Writing Conventions","A",1
"410",1433781,0.01005,500.640,0.2302,2483,2481,001,002,2,001,"Writing Conventions","A",1
"411",00305580,0.01019,526.467,0.2000,2483,2481,008,013,2,008,"Writing Conventions","D",1
"412",00304926,0.01048,448.554,0.2000,2483,2481,013,029,1,013,"Writing Conventions","M",1
"413",00305914,0.01056,606.835,0.2436,2483,2481,0,0,0,0,"Writing Conventions","A",2
"414",00304576,0.01068,507.091,0.2013,2483,2481,0,0,0,0,"Writing Conventions","E",3
"415",00305364,0.01088,529.783,0.2003,2483,2481,512,544,1,512,"Writing Conventions","D",3
"416",00306030,0.01103,459.591,0.2167,2483,2481,517,537,1,517,"Writing Conventions","A",3
"417",00305498,0.01115,490.630,0.2000,2483,2481,0,0,0,0,"Writing Conventions","D",1
"418",00305866,0.01134,521.582,0.2000,2483,2481,003,006,3,003,"Writing Conventions","A",4
"419",00305810,0.01208,566.126,0.2229,2483,2481,001,002,1,001,"Writing Conventions","A",2
"420",00305612,0.01221,456.303,0.2000,2483,2481,511,541,2,511,"Writing Conventions","D",1
"421",00305578,0.01221,519.410,0.1919,2483,2481,008,013,1,008,"Writing Conventions","D",2
"422",00304940,0.01224,466.785,0.2000,2483,2481,508,561,1,508,"Writing Conventions","M",4
"423",00305230,0.01232,418.469,0.2000,2483,2481,0,0,0,0,"Writing Conventions","D",3
"424",00306032,0.01258,500.993,0.2000,2483,2481,517,538,1,517,"Writing Conventions","A",4
"425",00304924,0.01270,465.223,0.2000,2483,2481,013,030,1,013,"Writing Conventions","M",2
"426",00305892,0.01271,506.789,0.2276,2483,2481,0,0,0,0,"Writing Conventions","A",1
"427",00304796,0.01315,523.343,0.1981,2483,2481,0,0,0,0,"Writing Conventions","M",2
"428",00304938,0.01331,487.292,0.1778,2483,2481,013,030,3,013,"Writing Conventions","M",4
"429",00304850,0.01356,631.755,0.2009,2483,2481,0,0,0,0,"Writing Conventions","M",4
"430",00304694,0.01373,458.031,0.2064,2483,2481,017,022,1,017,"Writing Conventions","E",3
"431",00305808,0.01381,490.538,0.2000,2483,2481,001,001,1,001,"Writing Conventions","A",4
"432",00304960,0.01388,513.934,0.2088,2483,2481,508,563,4,508,"Writing Conventions","M",4
"433",00304946,0.01407,575.126,0.1944,2483,2481,508,563,1,508,"Writing Conventions","M",2
"434",00304708,0.01431,463.461,0.2000,2483,2481,504,553,1,504,"Writing Conventions","E",3
"435",00305576,0.01458,489.019,0.2202,2483,2481,008,012,1,008,"Writing Conventions","D",2
"436",00304874,0.01463,477.913,0.2047,2483,2481,0,0,0,0,"Writing Conventions","M",3
"437",00305362,0.01489,481.310,0.2000,2483,2481,512,543,1,512,"Writing Conventions","D",4
"438",00305588,0.01500,483.296,0.2000,2483,2481,008,012,3,008,"Writing Conventions","D",4
"439",00304754,0.01517,451.296,0.2000,2483,2481,503,551,3,503,"Writing Conventions","E",3
"440",1433795,0.01517,451.296,0.2000,2483,2481,503,552,3,503,"Writing Conventions","E",3
"441",00305366,0.01519,490.645,0.2377,2483,2481,512,543,2,512,"Writing Conventions","D",1
"442",00305574,0.01543,447.717,0.2000,2483,2481,008,011,1,008,"Writing Conventions","D",3
"443",00304860,0.01546,636.977,0.2943,2483,2481,0,0,0,0,"Writing Conventions","M",3
"444",00306034,0.01563,659.563,0.2626,2483,2481,517,538,2,517,"Writing Conventions","A",2
"445",00304696,0.01736,475.822,0.1842,2483,2481,017,022,2,017,"Writing Conventions","E",2
"446",1433788,0.01736,475.822,0.1842,2483,2481,017,023,1,017,"Writing Conventions","E",2
"447",00305938,0.01743,500.169,0.2379,2483,2481,0,0,0,0,"Writing Conventions","A",3
"448",00305080,0.02063,564.101,0.1649,2483,2481,0,0,0,0,"Writing Conventions","M",3
"449",00304582,0.02201,497.653,0.2146,2483,2481,0,0,0,0,"Writing Conventions","E",2
"450",00305726,0.02248,613.178,0.2962,2483,2481,0,0,0,0,"Writing Conventions","A",3
"451",00305946,0.02399,557.900,0.3628,2483,2481,0,0,0,0,"Writing Conventions","A",4
"452",00305250,0.02428,586.252,0.2333,2483,2481,0,0,0,0,"Writing Conventions","D",1
"453",00304698,0.02478,518.117,0.3137,2483,2481,017,023,2,017,"Writing Conventions","E",1
"454",00304410,0.02532,507.943,0.2146,2483,2481,0,0,0,0,"Writing Conventions","E",2
"455",00304636,0.02945,498.335,0.2264,2483,2481,0,0,0,0,"Writing Conventions","E",2
"456",00304712,0.02980,450.810,0.2196,2483,2481,504,553,3,504,"Writing Conventions","E",1
"457",00304710,0.03179,487.288,0.2160,2483,2481,504,553,2,504,"Writing Conventions","E",4
"458",1433796,0.03179,487.288,0.2160,2483,2481,504,554,1,504,"Writing Conventions","E",4
"459",00304418,0.03221,498.510,0.2023,2483,2481,0,0,0,0,"Writing Conventions","E",1

