<?xml version="1.0" encoding="UTF-8"?>
<registry install_date="2013-06-07 15:40:54" version="1.1" last_modified="2013-06-07 15:41:02">
	<products>
		<product name="Online Assessment" id="722460bd-1edd-11b2-88f4-abfbbaab322e" version="9.4.0.0" copyright="2013" info_url="http://www.ctb.com" support_url="http://www.ctb.com" location="C:\Program Files (x86)\CTB\Online Assessment" last_modified="2013-06-07 15:40:54">
		<![CDATA[]]>
			<vendor name="CTB/McGraw-Hill" id="722460bc-1edd-11b2-88f4-abfbbaab322e" home_page="http://www.ctb.com" email=""/>
			<feature name="Application" last_modified="2013-06-07 15:40:54">
			<![CDATA[This installs the application feature.]]>
				<component ref_id="722460c6-1edd-11b2-88fd-abfbbaab322e" version="1.0.0.0" location="C:\Program Files (x86)\CTB\Online Assessment\Uninstall_Online Assessment\Uninstall Online Assessment.exe"/>
				<component ref_id="722460bd-1edd-11b2-88fb-abfbbaab322e" version="1.0.0.0" location="C:\ProgramData\Microsoft\Windows\Start Menu\Programs\CTB\Online Assessment\Uninstall Online Assessment.lnk"/>
			</feature>
			<feature name="Help" last_modified="2013-06-07 15:40:54">
			<![CDATA[This installs the help feature.]]>
				<component ref_id="722460c6-1edd-11b2-88fd-abfbbaab322e" version="1.0.0.0" location="C:\Program Files (x86)\CTB\Online Assessment\Uninstall_Online Assessment\Uninstall Online Assessment.exe"/>
				<component ref_id="722460bd-1edd-11b2-88fb-abfbbaab322e" version="1.0.0.0" location="C:\ProgramData\Microsoft\Windows\Start Menu\Programs\CTB\Online Assessment\Uninstall Online Assessment.lnk"/>
			</feature>
		</product>
	</products>
	<components>
		<component id="722460c6-1edd-11b2-88fd-abfbbaab322e" version="1.0.0.0" name="InstallAnywhere Uninstall Component" location="C:\Program Files (x86)\CTB\Online Assessment\Uninstall_Online Assessment\Uninstall Online Assessment.exe" vendor="CTB/McGraw-Hill">
			<resource keyfile="false" name="Online_Assessment_InstallLog.log" location="C:\Users\Nate_Cohen\AppData\Local\Temp\Online_Assessment_InstallLog.log" type="file" uninstall="true"/>
			<resource keyfile="false" name="Uninstall_Online Assessment" location="C:\Program Files (x86)\CTB\Online Assessment\Uninstall_Online Assessment" type="directory" uninstall="true">
			<![CDATA[true]]>
			</resource>
			<resource keyfile="false" name="uninstaller.jar" location="C:\Program Files (x86)\CTB\Online Assessment\Uninstall_Online Assessment\uninstaller.jar" type="file" uninstall="true"/>
			<resource keyfile="true" name="Uninstall Online Assessment.exe" location="C:\Program Files (x86)\CTB\Online Assessment\Uninstall_Online Assessment\Uninstall Online Assessment.exe" type="executable" uninstall="true"/>
			<resource keyfile="false" name="Uninstall Online Assessment.lax" location="C:\Program Files (x86)\CTB\Online Assessment\Uninstall_Online Assessment\Uninstall Online Assessment.lax" type="file" uninstall="true"/>
			<resource keyfile="false" name="resource" location="C:\Program Files (x86)\CTB\Online Assessment\Uninstall_Online Assessment\resource" type="directory" uninstall="true">
			<![CDATA[false]]>
			</resource>
			<resource keyfile="false" name="iawin32.dll" location="C:\Program Files (x86)\CTB\Online Assessment\Uninstall_Online Assessment\resource\iawin32.dll" type="file" uninstall="true"/>
			<resource keyfile="false" name="win64_32_x64.exe" location="C:\Program Files (x86)\CTB\Online Assessment\Uninstall_Online Assessment\resource\win64_32_x64.exe" type="file" uninstall="true"/>
			<resource keyfile="false" name="remove.exe" location="C:\Program Files (x86)\CTB\Online Assessment\Uninstall_Online Assessment\resource\remove.exe" type="file" uninstall="true"/>
			<resource keyfile="false" name="win_reg_entry" location="$INSTALLED$|HKEY_LOCAL_MACHINE\SOFTWARE\Microsoft\Windows\CurrentVersion\Uninstall\Online Assessment|983103||STRING|$DELETE$|HKEY_LOCAL_MACHINE\SOFTWARE\Microsoft\Windows\CurrentVersion\Uninstall\Online Assessment|983103|" type="win_reg_entry" uninstall="true"/>
			<resource keyfile="false" name="win_reg_entry" location="$INSTALLED$|HKEY_LOCAL_MACHINE\SOFTWARE\Microsoft\Windows\CurrentVersion\Uninstall\Online Assessment|131103|DisplayName|STRING|Online Assessment$DELETE$|HKEY_LOCAL_MACHINE\SOFTWARE\Microsoft\Windows\CurrentVersion\Uninstall\Online Assessment|131103|DisplayName" type="win_reg_entry" uninstall="true"/>
			<resource keyfile="false" name="win_reg_entry" location="$INSTALLED$|HKEY_LOCAL_MACHINE\SOFTWARE\Microsoft\Windows\CurrentVersion\Uninstall\Online Assessment|131103|UninstallString|STRING|&quot;C:\Program Files (x86)\CTB\Online Assessment\Uninstall_Online Assessment\Uninstall Online Assessment.exe&quot;$DELETE$|HKEY_LOCAL_MACHINE\SOFTWARE\Microsoft\Windows\CurrentVersion\Uninstall\Online Assessment|131103|UninstallString" type="win_reg_entry" uninstall="true"/>
			<resource keyfile="false" name="win_reg_entry" location="$INSTALLED$|HKEY_LOCAL_MACHINE\SOFTWARE\Microsoft\Windows\CurrentVersion\Uninstall\Online Assessment|131103|Publisher|STRING|CTB/McGraw-Hill$DELETE$|HKEY_LOCAL_MACHINE\SOFTWARE\Microsoft\Windows\CurrentVersion\Uninstall\Online Assessment|131103|Publisher" type="win_reg_entry" uninstall="true"/>
			<resource keyfile="false" name="win_reg_entry" location="$INSTALLED$|HKEY_LOCAL_MACHINE\SOFTWARE\Microsoft\Windows\CurrentVersion\Uninstall\Online Assessment|131103|URLInfoAbout|STRING|http://www.ctb.com$DELETE$|HKEY_LOCAL_MACHINE\SOFTWARE\Microsoft\Windows\CurrentVersion\Uninstall\Online Assessment|131103|URLInfoAbout" type="win_reg_entry" uninstall="true"/>
			<resource keyfile="false" name="win_reg_entry" location="$INSTALLED$|HKEY_LOCAL_MACHINE\SOFTWARE\Microsoft\Windows\CurrentVersion\Uninstall\Online Assessment|131103|URLUpdateInfo|STRING|http://www.ctb.com$DELETE$|HKEY_LOCAL_MACHINE\SOFTWARE\Microsoft\Windows\CurrentVersion\Uninstall\Online Assessment|131103|URLUpdateInfo" type="win_reg_entry" uninstall="true"/>
			<resource keyfile="false" name="win_reg_entry" location="$INSTALLED$|HKEY_LOCAL_MACHINE\SOFTWARE\Microsoft\Windows\CurrentVersion\Uninstall\Online Assessment|131103|ProductID|STRING|722460bd-1edd-11b2-88f4-abfbbaab322e$DELETE$|HKEY_LOCAL_MACHINE\SOFTWARE\Microsoft\Windows\CurrentVersion\Uninstall\Online Assessment|131103|ProductID" type="win_reg_entry" uninstall="true"/>
			<resource keyfile="false" name="win_reg_entry" location="$INSTALLED$|HKEY_LOCAL_MACHINE\SOFTWARE\Microsoft\Windows\CurrentVersion\Uninstall\Online Assessment|131103|InstallLocation|STRING|C:\Program Files (x86)\CTB\Online Assessment$DELETE$|HKEY_LOCAL_MACHINE\SOFTWARE\Microsoft\Windows\CurrentVersion\Uninstall\Online Assessment|131103|InstallLocation" type="win_reg_entry" uninstall="true"/>
			<resource keyfile="false" name="win_reg_entry" location="$INSTALLED$|HKEY_LOCAL_MACHINE\SOFTWARE\Microsoft\Windows\CurrentVersion\Uninstall\Online Assessment|131103|InstallDate|STRING|Fri Jun 07 15:40:54 PDT 2013$DELETE$|HKEY_LOCAL_MACHINE\SOFTWARE\Microsoft\Windows\CurrentVersion\Uninstall\Online Assessment|131103|InstallDate" type="win_reg_entry" uninstall="true"/>
			<resource keyfile="false" name="win_reg_entry" location="$INSTALLED$|HKEY_LOCAL_MACHINE\SOFTWARE\Microsoft\Windows\CurrentVersion\Uninstall\Online Assessment|131103|HelpLink|STRING|http://www.ctb.com$DELETE$|HKEY_LOCAL_MACHINE\SOFTWARE\Microsoft\Windows\CurrentVersion\Uninstall\Online Assessment|131103|HelpLink" type="win_reg_entry" uninstall="true"/>
			<resource keyfile="false" name="win_reg_entry" location="$INSTALLED$|HKEY_LOCAL_MACHINE\SOFTWARE\Microsoft\Windows\CurrentVersion\Uninstall\Online Assessment|131103|DisplayVersion|STRING|9.4.0.0$DELETE$|HKEY_LOCAL_MACHINE\SOFTWARE\Microsoft\Windows\CurrentVersion\Uninstall\Online Assessment|131103|DisplayVersion" type="win_reg_entry" uninstall="true"/>
			<resource keyfile="false" name="ZGWin32LaunchHelper.exe" location="C:\Program Files (x86)\CTB\Online Assessment\Uninstall_Online Assessment\resource\ZGWin32LaunchHelper.exe" type="file" uninstall="true"/>
			<resource keyfile="false" name=".com.zerog.registry.xml" location="C:\Program Files (x86)\CTB\Online Assessment\Uninstall_Online Assessment\.com.zerog.registry.xml" type="file" uninstall="true"/>
		</component>
		<component id="722460bd-1edd-11b2-88fb-abfbbaab322e" version="1.0.0.0" name="Common" location="C:\ProgramData\Microsoft\Windows\Start Menu\Programs\CTB\Online Assessment\Uninstall Online Assessment.lnk" vendor="CTB/McGraw-Hill">
			<resource keyfile="false" name="Uninstall_Online Assessment" location="C:\Program Files (x86)\CTB\Online Assessment\Uninstall_Online Assessment" type="directory" uninstall="true">
			<![CDATA[true]]>
			</resource>
			<resource keyfile="false" name="data" location="C:\Program Files (x86)\CTB\Online Assessment\data" type="directory" uninstall="true">
			<![CDATA[true]]>
			</resource>
			<resource keyfile="false" name="etc" location="C:\Program Files (x86)\CTB\Online Assessment\etc" type="directory" uninstall="true">
			<![CDATA[true]]>
			</resource>
			<resource keyfile="false" name="lockdownbrowser" location="C:\Program Files (x86)\CTB\Online Assessment\lockdownbrowser" type="directory" uninstall="true">
			<![CDATA[true]]>
			</resource>
			<resource keyfile="false" name="tuningutilitybrowser" location="C:\Program Files (x86)\CTB\Online Assessment\tuningutilitybrowser" type="directory" uninstall="true">
			<![CDATA[true]]>
			</resource>
			<resource keyfile="false" name="lock.enc" location="C:\Program Files (x86)\CTB\Online Assessment\lock.enc" type="file" uninstall="true"/>
			<resource keyfile="false" name="misc" location="C:\Program Files (x86)\CTB\Online Assessment\misc" type="directory" uninstall="true">
			<![CDATA[true]]>
			</resource>
			<resource keyfile="false" name="servletcontainer" location="C:\Program Files (x86)\CTB\Online Assessment\servletcontainer" type="directory" uninstall="true">
			<![CDATA[true]]>
			</resource>
			<resource keyfile="false" name="servletcontainer" location="C:\Program Files (x86)\CTB\Online Assessment\servletcontainer" type="directory" uninstall="true">
			<![CDATA[false]]>
			</resource>
			<resource keyfile="false" name="jetty-5.1.11RC0" location="C:\Program Files (x86)\CTB\Online Assessment\servletcontainer\jetty-5.1.11RC0" type="directory" uninstall="true">
			<![CDATA[false]]>
			</resource>
			<resource keyfile="false" name="ext" location="C:\Program Files (x86)\CTB\Online Assessment\servletcontainer\jetty-5.1.11RC0\ext" type="directory" uninstall="true">
			<![CDATA[false]]>
			</resource>
			<resource keyfile="false" name="commons-logging.jar" location="C:\Program Files (x86)\CTB\Online Assessment\servletcontainer\jetty-5.1.11RC0\ext\commons-logging.jar" type="file" uninstall="true"/>
			<resource keyfile="false" name="logs" location="C:\Program Files (x86)\CTB\Online Assessment\servletcontainer\jetty-5.1.11RC0\logs" type="directory" uninstall="true">
			<![CDATA[false]]>
			</resource>
			<resource keyfile="false" name="Readme.txt" location="C:\Program Files (x86)\CTB\Online Assessment\servletcontainer\jetty-5.1.11RC0\logs\Readme.txt" type="file" uninstall="true"/>
			<resource keyfile="false" name="tdc.log" location="C:\Program Files (x86)\CTB\Online Assessment\servletcontainer\jetty-5.1.11RC0\logs\tdc.log" type="file" uninstall="false"/>
			<resource keyfile="false" name="webapp" location="C:\Program Files (x86)\CTB\Online Assessment\webapp" type="directory" uninstall="true">
			<![CDATA[true]]>
			</resource>
			<resource keyfile="false" name="data" location="C:\Program Files (x86)\CTB\Online Assessment\data" type="directory" uninstall="true">
			<![CDATA[false]]>
			</resource>
			<resource keyfile="false" name="audit" location="C:\Program Files (x86)\CTB\Online Assessment\data\audit" type="directory" uninstall="true">
			<![CDATA[false]]>
			</resource>
			<resource keyfile="false" name="Readme.txt" location="C:\Program Files (x86)\CTB\Online Assessment\data\audit\Readme.txt" type="file" uninstall="true"/>
			<resource keyfile="false" name="objectbank" location="C:\Program Files (x86)\CTB\Online Assessment\data\objectbank" type="directory" uninstall="true">
			<![CDATA[false]]>
			</resource>
			<resource keyfile="false" name="Readme.txt" location="C:\Program Files (x86)\CTB\Online Assessment\data\objectbank\Readme.txt" type="file" uninstall="true"/>
			<resource keyfile="false" name="etc" location="C:\Program Files (x86)\CTB\Online Assessment\etc" type="directory" uninstall="true">
			<![CDATA[false]]>
			</resource>
			<resource keyfile="false" name="proxy.properties" location="C:\Program Files (x86)\CTB\Online Assessment\etc\proxy.properties" type="file" uninstall="true"/>
			<resource keyfile="false" name="version.properties" location="C:\Program Files (x86)\CTB\Online Assessment\etc\version.properties" type="file" uninstall="true"/>
			<resource keyfile="false" name="webapp" location="C:\Program Files (x86)\CTB\Online Assessment\webapp" type="directory" uninstall="true">
			<![CDATA[false]]>
			</resource>
			<resource keyfile="false" name="WEB-INF" location="C:\Program Files (x86)\CTB\Online Assessment\webapp\WEB-INF" type="directory" uninstall="true">
			<![CDATA[false]]>
			</resource>
			<resource keyfile="false" name="lib" location="C:\Program Files (x86)\CTB\Online Assessment\webapp\WEB-INF\lib" type="directory" uninstall="true">
			<![CDATA[false]]>
			</resource>
			<resource keyfile="false" name="bcprov-jdk14-130.jar" location="C:\Program Files (x86)\CTB\Online Assessment\webapp\WEB-INF\lib\bcprov-jdk14-130.jar" type="file" uninstall="true"/>
			<resource keyfile="false" name="commons-codec.jar" location="C:\Program Files (x86)\CTB\Online Assessment\webapp\WEB-INF\lib\commons-codec.jar" type="file" uninstall="true"/>
			<resource keyfile="false" name="commons-httpclient-3.0.1.jar" location="C:\Program Files (x86)\CTB\Online Assessment\webapp\WEB-INF\lib\commons-httpclient-3.0.1.jar" type="file" uninstall="true"/>
			<resource keyfile="false" name="jdom.jar" location="C:\Program Files (x86)\CTB\Online Assessment\webapp\WEB-INF\lib\jdom.jar" type="file" uninstall="true"/>
			<resource keyfile="false" name="jl1.0.jar" location="C:\Program Files (x86)\CTB\Online Assessment\webapp\WEB-INF\lib\jl1.0.jar" type="file" uninstall="true"/>
			<resource keyfile="false" name="commons-logging.jar" location="C:\Program Files (x86)\CTB\Online Assessment\webapp\WEB-INF\lib\commons-logging.jar" type="file" uninstall="true"/>
			<resource keyfile="false" name="httpclient-4.1.jar" location="C:\Program Files (x86)\CTB\Online Assessment\webapp\WEB-INF\lib\httpclient-4.1.jar" type="file" uninstall="true"/>
			<resource keyfile="false" name="httpclient-cache-4.1.jar" location="C:\Program Files (x86)\CTB\Online Assessment\webapp\WEB-INF\lib\httpclient-cache-4.1.jar" type="file" uninstall="true"/>
			<resource keyfile="false" name="httpcore-4.1.jar" location="C:\Program Files (x86)\CTB\Online Assessment\webapp\WEB-INF\lib\httpcore-4.1.jar" type="file" uninstall="true"/>
			<resource keyfile="false" name="httpmime-4.1.jar" location="C:\Program Files (x86)\CTB\Online Assessment\webapp\WEB-INF\lib\httpmime-4.1.jar" type="file" uninstall="true"/>
			<resource keyfile="false" name="log4j.jar" location="C:\Program Files (x86)\CTB\Online Assessment\webapp\WEB-INF\lib\log4j.jar" type="file" uninstall="true"/>
			<resource keyfile="false" name="loadtest.properties" location="C:\Program Files (x86)\CTB\Online Assessment\webapp\WEB-INF\classes\loadtest.properties" type="file" uninstall="true"/>
			<resource keyfile="false" name="tdc.properties" location="C:\Program Files (x86)\CTB\Online Assessment\webapp\WEB-INF\classes\tdc.properties" type="file" uninstall="true"/>
			<resource keyfile="false" name="tdcResources.properties" location="C:\Program Files (x86)\CTB\Online Assessment\webapp\WEB-INF\classes\tdcResources.properties" type="file" uninstall="true"/>
			<resource keyfile="false" name="tdc_url.properties" location="C:\Program Files (x86)\CTB\Online Assessment\webapp\WEB-INF\classes\tdc_url.properties" type="file" uninstall="true"/>
			<resource keyfile="false" name="tts.properties" location="C:\Program Files (x86)\CTB\Online Assessment\webapp\WEB-INF\classes\tts.properties" type="file" uninstall="true"/>
			<resource keyfile="false" name="resources" location="C:\Program Files (x86)\CTB\Online Assessment\webapp\resources" type="directory" uninstall="true">
			<![CDATA[false]]>
			</resource>
			<resource keyfile="false" name="eliminator.swf" location="C:\Program Files (x86)\CTB\Online Assessment\webapp\resources\eliminator.swf" type="file" uninstall="true"/>
			<resource keyfile="false" name="bootstrap.jar" location="C:\Program Files (x86)\CTB\Online Assessment\bootstrap.jar" type="file" uninstall="true"/>
			<resource keyfile="false" name="startTDC.sh" location="C:\Program Files (x86)\CTB\Online Assessment\startTDC.sh" type="file" uninstall="true"/>
			<resource keyfile="false" name="app" location="C:\Program Files (x86)\CTB\Online Assessment\app" type="file" uninstall="true"/>
			<resource keyfile="false" name="lax.jar" location="C:\Program Files (x86)\CTB\Online Assessment\lax.jar" type="file" uninstall="true"/>
			<resource keyfile="false" name="Online Assessment.exe" location="C:\Program Files (x86)\CTB\Online Assessment\Online Assessment.exe" type="executable" uninstall="true"/>
			<resource keyfile="false" name="Online Assessment.lax" location="C:\Program Files (x86)\CTB\Online Assessment\Online Assessment.lax" type="file" uninstall="true"/>
			<resource keyfile="false" name="win_reg_entry" location="$INSTALLED$|HKEY_LOCAL_MACHINE\SOFTWARE\Microsoft\Windows\CurrentVersion\Uninstall\Online Assessment\DisplayIcon|983103||STRING|$DELETE_FORCE$|HKEY_LOCAL_MACHINE\SOFTWARE\Microsoft\Windows\CurrentVersion\Uninstall\Online Assessment\DisplayIcon|983103|" type="win_reg_entry" uninstall="true"/>
			<resource keyfile="false" name="win_reg_entry" location="$INSTALLED$|HKEY_LOCAL_MACHINE\SOFTWARE\Microsoft\Windows\CurrentVersion\Uninstall\Online Assessment\DisplayIcon|131103||STRING|C:\Program Files (x86)\CTB\Online Assessment\Online Assessment.ico$DELETE_FORCE$|HKEY_LOCAL_MACHINE\SOFTWARE\Microsoft\Windows\CurrentVersion\Uninstall\Online Assessment\DisplayIcon|131103|" type="win_reg_entry" uninstall="true"/>
			<resource keyfile="false" name="win_reg_entry" location="$INSTALLED$|HKEY_LOCAL_MACHINE\Software\SoftwareTechnologyGroup|983103||STRING|$DELETE_FORCE$|HKEY_LOCAL_MACHINE\Software\SoftwareTechnologyGroup|983103|" type="win_reg_entry" uninstall="true"/>
			<resource keyfile="false" name="win_reg_entry" location="$INSTALLED$|HKEY_LOCAL_MACHINE\Software\SoftwareTechnologyGroup\ADS|983103||STRING|$DELETE_FORCE$|HKEY_LOCAL_MACHINE\Software\SoftwareTechnologyGroup\ADS|983103|" type="win_reg_entry" uninstall="true"/>
			<resource keyfile="false" name="win_reg_entry" location="$INSTALLED$|HKEY_LOCAL_MACHINE\Software\SoftwareTechnologyGroup\ADS|131103|ObjectBankPath|STRING|C:\Program Files (x86)\CTB\Online Assessment\data\objectbank\$DELETE_FORCE$|HKEY_LOCAL_MACHINE\Software\SoftwareTechnologyGroup\ADS|131103|ObjectBankPath" type="win_reg_entry" uninstall="true"/>
			<resource keyfile="false" name="win_reg_entry" location="" type="win_reg_entry" uninstall="true"/>
			<resource keyfile="false" name="win_reg_entry" location="HKEY_LOCAL_MACHINE\Software\SoftwareTechnologyGroup\Lockdown Browser" type="win_reg_entry" uninstall="true"/>
			<resource keyfile="false" name="win_reg_entry" location="$INSTALLED$|HKEY_LOCAL_MACHINE\Software\SoftwareTechnologyGroup\Lockdown Browser\1.2.0.372|983103||STRING|$DELETE_FORCE$|HKEY_LOCAL_MACHINE\Software\SoftwareTechnologyGroup\Lockdown Browser\1.2.0.372|983103|" type="win_reg_entry" uninstall="true"/>
			<resource keyfile="false" name="win_reg_entry" location="$INSTALLED$|HKEY_LOCAL_MACHINE\Software\SoftwareTechnologyGroup\Lockdown Browser\1.2.0.372|131103||STRING|1.2.0.375$DELETE_FORCE$|HKEY_LOCAL_MACHINE\Software\SoftwareTechnologyGroup\Lockdown Browser\1.2.0.372|131103|" type="win_reg_entry" uninstall="true"/>
			<resource keyfile="false" name="lax.jar" location="C:\Program Files (x86)\CTB\Online Assessment\lax.jar" type="file" uninstall="true"/>
			<resource keyfile="false" name="Network Utility.exe" location="C:\Program Files (x86)\CTB\Online Assessment\Network Utility.exe" type="executable" uninstall="true"/>
			<resource keyfile="false" name="Network Utility.lax" location="C:\Program Files (x86)\CTB\Online Assessment\Network Utility.lax" type="file" uninstall="true"/>
			<resource keyfile="false" name="lax.jar" location="C:\Program Files (x86)\CTB\Online Assessment\lax.jar" type="file" uninstall="true"/>
			<resource keyfile="false" name="Tuning Utility.exe" location="C:\Program Files (x86)\CTB\Online Assessment\Tuning Utility.exe" type="executable" uninstall="true"/>
			<resource keyfile="false" name="Tuning Utility.lax" location="C:\Program Files (x86)\CTB\Online Assessment\Tuning Utility.lax" type="file" uninstall="true"/>
			<resource keyfile="false" name="Online Assessment.ico" location="C:\Program Files (x86)\CTB\Online Assessment\Online Assessment.ico" type="file" uninstall="true"/>
			<resource keyfile="false" name="Online Assessment.lnk" location="C:\ProgramData\Microsoft\Windows\Start Menu\Programs\CTB\Online Assessment\Online Assessment.lnk" type="shortcut" uninstall="true">
			<![CDATA[]]>
			</resource>
			<resource keyfile="false" name="Network Utility.lnk" location="C:\ProgramData\Microsoft\Windows\Start Menu\Programs\CTB\Online Assessment\Network Utility.lnk" type="shortcut" uninstall="true">
			<![CDATA[]]>
			</resource>
			<resource keyfile="false" name="Tuning Utility.lnk" location="C:\ProgramData\Microsoft\Windows\Start Menu\Programs\CTB\Online Assessment\Tuning Utility.lnk" type="shortcut" uninstall="true">
			<![CDATA[]]>
			</resource>
			<resource keyfile="false" name="Uninstall Online Assessment.ico" location="C:\Program Files (x86)\CTB\Online Assessment\Uninstall_Online Assessment\Uninstall Online Assessment.ico" type="file" uninstall="true"/>
			<resource keyfile="true" name="Uninstall Online Assessment.lnk" location="C:\ProgramData\Microsoft\Windows\Start Menu\Programs\CTB\Online Assessment\Uninstall Online Assessment.lnk" type="shortcut" uninstall="true">
			<![CDATA[]]>
			</resource>
			<resource keyfile="false" name="Online Assessment.ico" location="C:\Program Files (x86)\CTB\Online Assessment\Online Assessment.ico" type="file" uninstall="true"/>
			<resource keyfile="false" name="Online Assessment.lnk" location="C:\Users\Public\Desktop\Online Assessment.lnk" type="shortcut" uninstall="true">
			<![CDATA[]]>
			</resource>
		</component>
	</components>
</registry>
